{"materials": {"concrete": {"sigma": [12.402972639843231, 20.959992989602117, 27.41665439396984, 31.772956852946415, 34.02890036653182, 34.36404892503567, 33.91955787569116, 32.453486593749695, 30.158963521277222, 27.561696935494506, 25.057648784150366, 22.829092633473408, 20.918946916331006, 19.306139625378897, 17.948529393459598, 16.802078444593743, 15.827811345935093, 14.993447463054194, 14.2730116549984, 13.645840984313287, 13.095540168344483, 12.60907085688055, 12.176013760249237, 11.787990335994143, 11.43821622917612, 11.12115831118988, 10.832271321956439, 10.567795054433715, 10.324597434988194, 10.100052423812027, 9.891944416802582, 9.69839291119555, 9.51779275047506, 9.34876641845553, 9.190125710056357, 9.040840744783512, 8.900014766006118, 8.766863527216303, 8.640698336648553, 8.520912036620933, 8.406967350365333, 8.298387149140817, 8.194746285064024, 8.09566470699964, 8.00080163298328, 7.909850596700693, 7.8225352203037675, 7.738605593408567, 7.657835160090929, 7.580018033291965], "epsilon": [0.0, 0.001210204081632653, 0.001820408163265306, 0.0024306122448979595, 0.003040816326530612, 0.003651020408163265, 0.004261224489795918, 0.004871428571428571, 0.005481632653061224, 0.0060918367346938776, 0.00670204081632653, 0.0073122448979591834, 0.007922448979591839, 0.00853265306122449, 0.009142857142857142, 0.009753061224489795, 0.010363265306122449, 0.010973469387755102, 0.011583673469387755, 0.012193877551020407, 0.01280408163265306, 0.013414285714285714, 0.014024489795918367, 0.01463469387755102, 0.015244897959183674, 0.015855102040816325, 0.01646530612244898, 0.017075510204081632, 0.017685714285714284, 0.01829591836734694, 0.01890612244897959, 0.019516326530612246, 0.020126530612244897, 0.02073673469387755, 0.021346938775510204, 0.021957142857142856, 0.02256734693877551, 0.023177551020408162, 0.023787755102040814, 0.02439795918367347, 0.02500816326530612, 0.025618367346938776, 0.026228571428571427, 0.02683877551020408, 0.027448979591836734, 0.028059183673469386, 0.02866938775510204, 0.029279591836734693, 0.029889795918367348, 0.0305], "elastic_modulus": 36000, "strength_tensile": 2.04, "gfi": 97.5}, "steel": {"sigma": [340.0, 340.0, 340.0, 340.0, 341.3505402160864, 345.43817527010805, 349.5258103241297, 353.61344537815125, 357.7010804321729, 361.78871548619446, 365.8763505402161, 369.9639855942377, 374.0516206482593, 378.13925570228093, 382.2268907563025, 386.31452581032414, 390.4021608643458, 394.48979591836735, 398.577430972389, 402.6650660264106, 406.7527010804322, 410.8403361344538, 414.92797118847545, 419.01560624249703, 423.1032412965186, 427.19087635054024, 431.27851140456187, 435.36614645858344, 439.4537815126051, 443.5414165666267, 447.6290516206483, 451.71668667466986, 455.8043217286915, 459.8919567827131, 463.9795918367347, 468.06722689075633, 472.15486194477796, 476.24249699879954, 480.3301320528211, 484.4177671068428, 488.5054021608644, 490.0, 490.0, 490.0, 490.0, 490.0, 490.0, 490.0, 490.0, 490.0], "epsilon": [0.0, 0.004047949276798099, 0.008095898553596197, 0.012143847830394296, 0.016191797107192395, 0.020239746383990495, 0.024287695660788592, 0.02833564493758669, 0.03238359421438479, 0.03643154349118289, 0.04047949276798099, 0.044527442044779084, 0.048575391321577184, 0.052623340598375284, 0.05667128987517338, 0.06071923915197148, 0.06476718842876958, 0.06881513770556767, 0.07286308698236578, 0.07691103625916387, 0.08095898553596198, 0.08500693481276007, 0.08905488408955817, 0.09310283336635627, 0.09715078264315437, 0.10119873191995246, 0.10524668119675057, 0.10929463047354866, 0.11334257975034676, 0.11739052902714486, 0.12143847830394296, 0.12548642758074105, 0.12953437685753916, 0.13358232613433726, 0.13763027541113534, 0.14167822468793345, 0.14572617396473156, 0.14977412324152964, 0.15382207251832775, 0.15787002179512585, 0.16191797107192396, 0.16596592034872204, 0.17001386962552015, 0.17406181890231825, 0.17810976817911633, 0.18215771745591444, 0.18620566673271255, 0.19025361600951063, 0.19430156528630874, 0.19834951456310682], "elastic_modulus": 206000}, "steelbar": {"sigma": [400.0, 408.0816326530612, 416.16326530612247, 424.2448979591837, 432.3265306122449, 440.40816326530614, 448.48979591836735, 456.57142857142856, 464.6530612244898, 472.734693877551, 480.81632653061223, 488.8979591836735, 496.9795918367347, 505.0612244897959, 513.1428571428571, 521.2244897959183, 529.3061224489796, 537.3877551020408, 545.469387755102, 553.5510204081633, 561.6326530612245, 569.7142857142858, 577.795918367347, 585.8775510204082, 593.9591836734694, 602.0408163265306, 610.1224489795918, 618.204081632653, 626.2857142857143, 634.3673469387755, 642.4489795918367, 650.530612244898, 658.6122448979593, 666.6938775510205, 674.7755102040817, 682.8571428571429, 690.9387755102041, 699.0204081632653, 707.1020408163265, 715.1836734693877, 723.2653061224489, 731.3469387755104, 739.4285714285714, 747.5102040816328, 755.591836734694, 763.6734693877552, 771.7551020408164, 779.8367346938776, 787.9183673469388, 796.0], "epsilon": [0.0, 0.0040408163265306125, 0.008081632653061225, 0.012122448979591837, 0.01616326530612245, 0.02020408163265306, 0.02424489795918367, 0.02828571428571429, 0.0323265306122449, 0.03636734693877551, 0.04040816326530612, 0.04444897959183674, 0.04848979591836735, 0.05253061224489796, 0.05657142857142858, 0.06061224489795919, 0.0646530612244898, 0.06869387755102041, 0.07273469387755102, 0.07677551020408163, 0.08081632653061224, 0.08485714285714287, 0.08889795918367348, 0.09293877551020409, 0.0969795918367347, 0.10102040816326531, 0.10506122448979592, 0.10910204081632653, 0.11314285714285716, 0.11718367346938777, 0.12122448979591838, 0.125265306122449, 0.1293061224489796, 0.1333469387755102, 0.13738775510204082, 0.14142857142857143, 0.14546938775510204, 0.14951020408163265, 0.15355102040816326, 0.15759183673469387, 0.16163265306122448, 0.16567346938775512, 0.16971428571428573, 0.17375510204081634, 0.17779591836734696, 0.18183673469387757, 0.18587755102040818, 0.1899183673469388, 0.1939591836734694, 0.198], "elastic_modulus": 200000}}, "geometry": {"width": 300, "high": 300, "length": 1500, "tube_thickness": 6}, "referpoint": {"top": {"shift": [0, 39.900000000000006, 0], "displacement": [0, 0, -70, null, null, null]}, "bottom": {"shift": [0, 39.900000000000006, 0], "displacement": [0, 0, 0, null, null, null]}}, "pullroll": {"area": 153.93804002589985, "distance": 150, "number_xy": 1, "number_z": 9, "start_shift": 75.0}}