{"materials": {"concrete": {"sigma": [28.87451398200468, 28.32122307189055, 26.008573637039053, 22.75493119484263, 19.671026164296514, 17.151372815548726, 15.187064565987738, 13.663855465944195, 12.469762623474402, 11.518121730651846, 10.746218282245769, 10.109391042498697, 9.575721644090168, 9.12213346161882, 8.731696349100602, 8.39179590685502, 8.092888889969506, 7.827649619680562, 7.590377300915452, 7.376578811587855, 7.18267085882192, 7.005764393430099, 6.843506476187544, 6.693962809318979, 6.55552942711493, 6.426865556908398, 6.306842033391539, 6.1945012684788505, 6.089025897989449, 5.989714009065467, 5.895959405905954, 5.8072357673891135, 5.723083836360555, 5.64310098929265, 5.566932688989068, 5.4942654375032305, 5.424820932313306, 5.358351193730314, 5.294634480998314, 5.233471852531848, 5.1746842551025285, 5.11811004964156, 5.063602899226079, 5.011029958923653, 4.960270318350059, 4.9112136567069715, 4.863759077206492, 4.817814093539956, 4.773293745702096, 4.730119826265408], "epsilon": [0.0, 0.0011747605164514783, 0.0017495210329029568, 0.0023242815493544357, 0.0028990420658059133, 0.0034738025822573927, 0.004048563098708871, 0.00462332361516035, 0.005198084131611828, 0.005772844648063307, 0.006347605164514785, 0.006922365680966264, 0.007497126197417742, 0.008071886713869221, 0.008646647230320699, 0.009221407746772176, 0.009796168263223656, 0.010370928779675135, 0.010945689296126613, 0.01152044981257809, 0.01209521032902957, 0.012669970845481049, 0.013244731361932527, 0.013819491878384006, 0.014394252394835485, 0.014969012911286965, 0.01554377342773844, 0.016118533944189918, 0.016693294460641397, 0.017268054977092877, 0.017842815493544353, 0.018417576009995832, 0.01899233652644731, 0.01956709704289879, 0.02014185755935027, 0.020716618075801746, 0.021291378592253225, 0.021866139108704705, 0.02244089962515618, 0.02301566014160766, 0.02359042065805914, 0.02416518117451062, 0.024739941690962098, 0.025314702207413574, 0.025889462723865053, 0.026464223240316533, 0.02703898375676801, 0.027613744273219488, 0.028188504789670967, 0.028763265306122447], "elastic_modulus": 34500}, "steel": {"sigma": [315.0, 315.0, 315.0, 315.0, 317.74763344491237, 322.30954180614043, 326.87145016736855, 331.4333585285966, 335.99526688982473, 340.5571752510528, 345.1190836122809, 349.680991973509, 354.24290033473704, 358.80480869596516, 363.3667170571932, 367.92862541842135, 372.4905337796494, 377.0524421408775, 381.6143505021056, 386.1762588633337, 390.7381672245618, 395.30007558578984, 399.86198394701796, 404.423892308246, 408.9858006694741, 413.5477090307022, 418.1096173919303, 422.6715257531584, 427.23343411438645, 431.7953424756146, 436.3572508368427, 440.91915919807076, 445.4810675592988, 450.04297592052694, 454.604884281755, 459.1667926429831, 463.7287010042112, 468.2906093654393, 470.0, 470.0, 470.0, 470.0, 470.0, 470.0, 470.0, 470.0, 470.0, 470.0, 470.0, 470.0], "epsilon": [0.0, 0.004050425995640975, 0.00810085199128195, 0.012151277986922924, 0.0162017039825639, 0.020252129978204875, 0.024302555973845848, 0.028352981969486823, 0.0324034079651278, 0.036453833960768775, 0.04050425995640975, 0.04455468595205073, 0.048605111947691695, 0.05265553794333267, 0.05670596393897365, 0.06075638993461462, 0.0648068159302556, 0.06885724192589657, 0.07290766792153755, 0.07695809391717852, 0.0810085199128195, 0.08505894590846047, 0.08910937190410145, 0.09315979789974242, 0.09721022389538339, 0.10126064989102437, 0.10531107588666534, 0.10936150188230633, 0.1134119278779473, 0.11746235387358828, 0.12151277986922925, 0.12556320586487021, 0.1296136318605112, 0.13366405785615218, 0.13771448385179313, 0.14176490984743412, 0.1458153358430751, 0.14986576183871608, 0.15391618783435704, 0.15796661382999802, 0.162017039825639, 0.16606746582127996, 0.17011789181692094, 0.17416831781256192, 0.1782187438082029, 0.18226916980384386, 0.18631959579948484, 0.19037002179512583, 0.19442044779076678, 0.19847087378640776], "elastic_modulus": 206000}, "steelbar": {"sigma": [400.0, 408.0816326530612, 416.16326530612247, 424.2448979591837, 432.3265306122449, 440.40816326530614, 448.48979591836735, 456.57142857142856, 464.6530612244898, 472.734693877551, 480.81632653061223, 488.8979591836735, 496.9795918367347, 505.0612244897959, 513.1428571428571, 521.2244897959183, 529.3061224489796, 537.3877551020408, 545.469387755102, 553.5510204081633, 561.6326530612245, 569.7142857142858, 577.795918367347, 585.8775510204082, 593.9591836734694, 602.0408163265306, 610.1224489795918, 618.204081632653, 626.2857142857143, 634.3673469387755, 642.4489795918367, 650.530612244898, 658.6122448979593, 666.6938775510205, 674.7755102040817, 682.8571428571429, 690.9387755102041, 699.0204081632653, 707.1020408163265, 715.1836734693877, 723.2653061224489, 731.3469387755104, 739.4285714285714, 747.5102040816328, 755.591836734694, 763.6734693877552, 771.7551020408164, 779.8367346938776, 787.9183673469388, 796.0], "epsilon": [0.0, 0.0040408163265306125, 0.008081632653061225, 0.012122448979591837, 0.01616326530612245, 0.02020408163265306, 0.02424489795918367, 0.02828571428571429, 0.0323265306122449, 0.03636734693877551, 0.04040816326530612, 0.04444897959183674, 0.04848979591836735, 0.05253061224489796, 0.05657142857142858, 0.06061224489795919, 0.0646530612244898, 0.06869387755102041, 0.07273469387755102, 0.07677551020408163, 0.08081632653061224, 0.08485714285714287, 0.08889795918367348, 0.09293877551020409, 0.0969795918367347, 0.10102040816326531, 0.10506122448979592, 0.10910204081632653, 0.11314285714285716, 0.11718367346938777, 0.12122448979591838, 0.125265306122449, 0.1293061224489796, 0.1333469387755102, 0.13738775510204082, 0.14142857142857143, 0.14546938775510204, 0.14951020408163265, 0.15355102040816326, 0.15759183673469387, 0.16163265306122448, 0.16567346938775512, 0.16971428571428573, 0.17375510204081634, 0.17779591836734696, 0.18183673469387757, 0.18587755102040818, 0.1899183673469388, 0.1939591836734694, 0.198], "elastic_modulus": 200000}}}