{"materials": {"concrete": {"sigma": [9.648264243120414, 16.63038797690239, 22.28195025610339, 26.602951080723408, 29.593390450762442, 31.2532683662205, 31.62415022557861, 31.492738044775216, 30.897775082223227, 29.753230970404022, 28.216691230306893, 26.50840390955927, 24.801489964712285, 23.19758927776604, 21.742034953667353, 20.445681813118814, 19.30153205848623, 18.29490307264152, 17.408911911969575, 16.62713784273682, 15.93474448767694, 15.318819354113081, 14.768344870346603, 14.274015696085353, 13.828008468147358, 13.423753270197748, 13.05572728597781, 12.719277016267952, 12.410468943946071, 12.125965843415953, 11.862925093244636, 11.61891536491885, 11.391848426075597, 11.179923270645089, 10.981580259527474, 10.795463377834446, 10.620389074366395, 10.455320446500208, 10.299345775661656, 10.151660613473355, 10.011552774799581, 9.87838971863355, 9.751607897329441, 9.630703734189263, 9.515225953001867, 9.404769034090949, 9.298967612371401, 9.197491665901033, 9.10004237007371, 9.006348514213572], "epsilon": [0.0, 0.001210204081632653, 0.001820408163265306, 0.0024306122448979595, 0.003040816326530612, 0.003651020408163265, 0.004261224489795918, 0.004871428571428571, 0.005481632653061224, 0.0060918367346938776, 0.00670204081632653, 0.0073122448979591834, 0.007922448979591839, 0.00853265306122449, 0.009142857142857142, 0.009753061224489795, 0.010363265306122449, 0.010973469387755102, 0.011583673469387755, 0.012193877551020407, 0.01280408163265306, 0.013414285714285714, 0.014024489795918367, 0.01463469387755102, 0.015244897959183674, 0.015855102040816325, 0.01646530612244898, 0.017075510204081632, 0.017685714285714284, 0.01829591836734694, 0.01890612244897959, 0.019516326530612246, 0.020126530612244897, 0.02073673469387755, 0.021346938775510204, 0.021957142857142856, 0.02256734693877551, 0.023177551020408162, 0.023787755102040814, 0.02439795918367347, 0.02500816326530612, 0.025618367346938776, 0.026228571428571427, 0.02683877551020408, 0.027448979591836734, 0.028059183673469386, 0.02866938775510204, 0.029279591836734693, 0.029889795918367348, 0.0305], "elastic_modulus": 35500, "strength_tensile": 1.96, "gfi": 86.5}, "steel": {"sigma": [410.0, 410.0, 410.0, 410.0, 410.0, 411.79171506000773, 414.9500580720093, 418.10840108401084, 421.2667440960124, 424.42508710801394, 427.58343012001546, 430.74177313201704, 433.90011614401857, 437.05845915602015, 440.2168021680217, 443.3751451800232, 446.5334881920248, 449.6918312040263, 452.8501742160279, 456.0085172280294, 459.166860240031, 462.3252032520325, 465.4835462640341, 468.6418892760356, 471.80023228803714, 474.9585753000387, 478.11691831204024, 481.2752613240418, 484.43360433604335, 487.59194734804487, 490.75029036004645, 493.90863337204803, 497.06697638404955, 500.2253193960511, 503.38366240805266, 506.5420054200542, 509.70034843205576, 512.8586914440573, 516.0170344560588, 519.1753774680604, 522.333720480062, 525.4920634920635, 528.650406504065, 531.8087495160665, 534.9670925280682, 538.1254355400697, 541.2837785520712, 544.4421215640727, 547.6004645760743, 550.0], "epsilon": [0.0, 0.004041014464038042, 0.008082028928076085, 0.012123043392114126, 0.01616405785615217, 0.020205072320190212, 0.024246086784228252, 0.028287101248266295, 0.03232811571230434, 0.03636913017634238, 0.040410144640380424, 0.044451159104418464, 0.048492173568456504, 0.05253318803249455, 0.05657420249653259, 0.06061521696057063, 0.06465623142460866, 0.0686972458886467, 0.07273826035268474, 0.07677927481672281, 0.08082028928076085, 0.08486130374479889, 0.08890231820883693, 0.09294333267287497, 0.09698434713691301, 0.10102536160095105, 0.10506637606498909, 0.10910739052902713, 0.11314840499306517, 0.1171894194571032, 0.12123043392114127, 0.1252714483851793, 0.12931246284921735, 0.1333534773132554, 0.13739449177729343, 0.14143550624133147, 0.1454765207053695, 0.14951753516940755, 0.15355854963344562, 0.15759956409748366, 0.1616405785615217, 0.16568159302555974, 0.16972260748959778, 0.17376362195363582, 0.17780463641767386, 0.1818456508817119, 0.18588666534574994, 0.18992767980978797, 0.19396869427382601, 0.19800970873786408], "elastic_modulus": 206000}, "steelbar": {"sigma": [400.0, 408.0816326530612, 416.16326530612247, 424.2448979591837, 432.3265306122449, 440.40816326530614, 448.48979591836735, 456.57142857142856, 464.6530612244898, 472.734693877551, 480.81632653061223, 488.8979591836735, 496.9795918367347, 505.0612244897959, 513.1428571428571, 521.2244897959183, 529.3061224489796, 537.3877551020408, 545.469387755102, 553.5510204081633, 561.6326530612245, 569.7142857142858, 577.795918367347, 585.8775510204082, 593.9591836734694, 602.0408163265306, 610.1224489795918, 618.204081632653, 626.2857142857143, 634.3673469387755, 642.4489795918367, 650.530612244898, 658.6122448979593, 666.6938775510205, 674.7755102040817, 682.8571428571429, 690.9387755102041, 699.0204081632653, 707.1020408163265, 715.1836734693877, 723.2653061224489, 731.3469387755104, 739.4285714285714, 747.5102040816328, 755.591836734694, 763.6734693877552, 771.7551020408164, 779.8367346938776, 787.9183673469388, 796.0], "epsilon": [0.0, 0.0040408163265306125, 0.008081632653061225, 0.012122448979591837, 0.01616326530612245, 0.02020408163265306, 0.02424489795918367, 0.02828571428571429, 0.0323265306122449, 0.03636734693877551, 0.04040816326530612, 0.04444897959183674, 0.04848979591836735, 0.05253061224489796, 0.05657142857142858, 0.06061224489795919, 0.0646530612244898, 0.06869387755102041, 0.07273469387755102, 0.07677551020408163, 0.08081632653061224, 0.08485714285714287, 0.08889795918367348, 0.09293877551020409, 0.0969795918367347, 0.10102040816326531, 0.10506122448979592, 0.10910204081632653, 0.11314285714285716, 0.11718367346938777, 0.12122448979591838, 0.125265306122449, 0.1293061224489796, 0.1333469387755102, 0.13738775510204082, 0.14142857142857143, 0.14546938775510204, 0.14951020408163265, 0.15355102040816326, 0.15759183673469387, 0.16163265306122448, 0.16567346938775512, 0.16971428571428573, 0.17375510204081634, 0.17779591836734696, 0.18183673469387757, 0.18587755102040818, 0.1899183673469388, 0.1939591836734694, 0.198], "elastic_modulus": 200000}}, "geometry": {"width": 150, "high": 300, "length": 1200, "tube_thickness": 6}, "referpoint": {"top": {"shift": [0, 99.9, 0], "displacement": [0, 0, -45, null, null, null]}, "bottom": {"shift": [0, 99.9, 0], "displacement": [0, 0, 0, null, null, null]}}, "pullroll": {"area": 153.93804002589985, "distance": 150, "number_xy": 1, "number_z": 7, "start_shift": 75.0}}