{"materials": {"concrete": {"sigma": [8.179086440630963, 13.914725007297516, 18.351683043940124, 21.489960550558784, 23.329557527153494, 23.874968664328524, 23.772248288651724, 23.195113361809344, 22.060753636817417, 20.587082151319628, 19.02743086104517, 17.54596728616483, 16.21635108503922, 15.056183010116465, 14.056123220544473, 13.196833301298945, 12.457186602106097, 11.817678786768267, 11.261524791176237, 10.774748505974841, 10.345890031905695, 9.965609219409002, 9.626299760226333, 9.321753686779987, 9.046884273671779, 8.797502912720727, 8.570141665400717, 8.361912878284187, 8.170398232917659, 7.993560922920607, 7.829675919964198, 7.677274375739482, 7.5350990867408125, 7.402068641863841, 7.277248410836148, 7.159826945893402, 7.049096687262911, 6.944438107171143, 6.845306614725485, 6.751221688593759, 6.661757816178826, 6.576536904739878, 6.495221897533614, 6.417511380990901, 6.3431350105831505, 6.271849615931028, 6.203435871819876, 6.1376954426051755, 6.0744485241647, 6.013531720965122], "epsilon": [0.0, 0.001210204081632653, 0.001820408163265306, 0.0024306122448979595, 0.003040816326530612, 0.003651020408163265, 0.004261224489795918, 0.004871428571428571, 0.005481632653061224, 0.0060918367346938776, 0.00670204081632653, 0.0073122448979591834, 0.007922448979591839, 0.00853265306122449, 0.009142857142857142, 0.009753061224489795, 0.010363265306122449, 0.010973469387755102, 0.011583673469387755, 0.012193877551020407, 0.01280408163265306, 0.013414285714285714, 0.014024489795918367, 0.01463469387755102, 0.015244897959183674, 0.015855102040816325, 0.01646530612244898, 0.017075510204081632, 0.017685714285714284, 0.01829591836734694, 0.01890612244897959, 0.019516326530612246, 0.020126530612244897, 0.02073673469387755, 0.021346938775510204, 0.021957142857142856, 0.02256734693877551, 0.023177551020408162, 0.023787755102040814, 0.02439795918367347, 0.02500816326530612, 0.025618367346938776, 0.026228571428571427, 0.02683877551020408, 0.027448979591836734, 0.028059183673469386, 0.02866938775510204, 0.029279591836734693, 0.029889795918367348, 0.0305], "elastic_modulus": 32500, "strength_tensile": 1.71, "gfi": 55.5}, "steel": {"sigma": [335.0, 335.0, 335.0, 335.0, 336.6498290858632, 340.937286357329, 345.2247436287948, 349.5122009002606, 353.7996581717264, 358.0871154431922, 362.374572714658, 366.6620299861238, 370.9494872575896, 375.2369445290554, 379.5244018005212, 383.811859071987, 388.0993163434528, 392.38677361491864, 396.6742308863844, 400.96168815785023, 405.249145429316, 409.5366027007818, 413.8240599722476, 418.1115172437134, 422.39897451517925, 426.686431786645, 430.97388905811084, 435.2613463295766, 439.54880360104244, 443.8362608725082, 448.12371814397403, 452.4111754154398, 456.6986326869056, 460.9860899583714, 465.2735472298372, 469.561004501303, 473.8484617727688, 478.1359190442346, 482.4233763157004, 486.71083358716623, 490.0, 490.0, 490.0, 490.0, 490.0, 490.0, 490.0, 490.0, 490.0, 490.0], "epsilon": [0.0, 0.004048444620566674, 0.008096889241133345, 0.012145333861700022, 0.016193778482266694, 0.020242223102833367, 0.024290667723400043, 0.028339112343966716, 0.03238755696453339, 0.03643600158510006, 0.040484446205666734, 0.04453289082623341, 0.048581335446800086, 0.05262978006736676, 0.05667822468793343, 0.060726669308500104, 0.06477511392906678, 0.06882355854963346, 0.07287200317020012, 0.0769204477907668, 0.08096889241133347, 0.08501733703190015, 0.08906578165246681, 0.09311422627303349, 0.09716267089360017, 0.10121111551416684, 0.10525956013473352, 0.10930800475530018, 0.11335644937586686, 0.11740489399643353, 0.12145333861700021, 0.1255017832375669, 0.12955022785813355, 0.13359867247870022, 0.1376471170992669, 0.14169556171983358, 0.14574400634040025, 0.1497924509609669, 0.1538408955815336, 0.15788934020210027, 0.16193778482266694, 0.16598622944323363, 0.1700346740638003, 0.17408311868436696, 0.17813156330493363, 0.18218000792550032, 0.18622845254606699, 0.19027689716663365, 0.19432534178720035, 0.198373786407767], "elastic_modulus": 206000}, "steelbar": {"sigma": [335.0, 343.0948979591837, 351.18979591836734, 359.28469387755104, 367.3795918367347, 375.4744897959184, 383.56938775510207, 391.6642857142857, 399.7591836734694, 407.85408163265305, 415.94897959183675, 424.0438775510204, 432.1387755102041, 440.2336734693878, 448.3285714285714, 456.4234693877551, 464.5183673469388, 472.61326530612246, 480.7081632653061, 488.80306122448985, 496.8979591836735, 504.99285714285713, 513.0877551020408, 521.1826530612245, 529.2775510204082, 537.3724489795918, 545.4673469387756, 553.5622448979592, 561.6571428571428, 569.7520408163265, 577.8469387755102, 585.9418367346939, 594.0367346938776, 602.1316326530612, 610.2265306122449, 618.3214285714286, 626.4163265306122, 634.511224489796, 642.6061224489797, 650.7010204081632, 658.795918367347, 666.8908163265306, 674.9857142857143, 683.0806122448979, 691.1755102040817, 699.2704081632653, 707.365306122449, 715.4602040816327, 723.5551020408163, 731.65], "epsilon": [0.0, 0.004047448979591837, 0.008094897959183674, 0.01214234693877551, 0.016189795918367347, 0.020237244897959184, 0.02428469387755102, 0.028332142857142858, 0.032379591836734695, 0.03642704081632653, 0.04047448979591837, 0.04452193877551021, 0.04856938775510204, 0.052616836734693875, 0.056664285714285716, 0.060711734693877556, 0.06475918367346939, 0.06880663265306122, 0.07285408163265306, 0.0769015306122449, 0.08094897959183674, 0.08499642857142857, 0.08904387755102042, 0.09309132653061225, 0.09713877551020408, 0.10118622448979592, 0.10523367346938775, 0.1092811224489796, 0.11332857142857143, 0.11737602040816326, 0.12142346938775511, 0.12547091836734695, 0.12951836734693878, 0.1335658163265306, 0.13761326530612245, 0.14166071428571428, 0.1457081632653061, 0.14975561224489797, 0.1538030612244898, 0.15785051020408164, 0.16189795918367347, 0.1659454081632653, 0.16999285714285714, 0.17404030612244897, 0.17808775510204083, 0.18213520408163267, 0.1861826530612245, 0.19023010204081633, 0.19427755102040817, 0.198325], "elastic_modulus": 200000}}, "geometry": {"width": 300, "high": 300, "length": 1500, "tube_thickness": 6}}